<?xml version="1.0" encoding="utf-8"?>
<dleplugin>
	<name>Newsletter For Datalife Engene</name>
	<description>Powerful and user-friendly plugin designed to seamlessly integrate subscription forms into your website.  our plugin offers a versatile solution for collecting and managing subscriber information.</description>
	<icon>engine/skins/images/ticcix.png</icon>
	<version>1.0.2</version>
	<dleversion>15</dleversion>
	<versioncompare>greater</versioncompare>
	<upgradeurl>https://ticcix.com/files/newsletter/update.xml</upgradeurl>
	<filedelete>0</filedelete>
	<needplugin></needplugin>
	<mnotice>1</mnotice>
	<mysqlinstall><![CDATA[CREATE TABLE `{userprefix}_subscribeusers` (
  `id` int(11) NOT NULL,
  `signup_email_address` varchar(255) NOT NULL,
  `signup_date` varchar(255) NOT NULL,
  `active` varchar(255) NOT NULL,
  `hash` varchar(255) NOT NULL
) ENGINE=InnoDB DEFAULT CHARSET=utf8;
ALTER TABLE `{userprefix}_subscribeusers`
  ADD UNIQUE KEY `id` (`id`);
ALTER TABLE `{userprefix}_subscribeusers`
  MODIFY `id` int(11) NOT NULL AUTO_INCREMENT;
COMMIT;
INSERT INTO `{prefix}_admin_sections` (`name`, `title`, `descr`, `icon`, `allow_groups`) VALUES ('subscribeusers', 'Newsletter', 'Newsletter Plugin', 'engine/skins/images/ticcix.png', '1');]]></mysqlinstall>
	<mysqlupgrade><![CDATA[]]></mysqlupgrade>
	<mysqlenable><![CDATA[CREATE TABLE `{userprefix}_subscribeusers` (
  `id` int(11) NOT NULL,
  `signup_email_address` varchar(255) NOT NULL,
  `signup_date` varchar(255) NOT NULL,
  `active` varchar(255) NOT NULL,
  `hash` varchar(255) NOT NULL
) ENGINE=InnoDB DEFAULT CHARSET=utf8;
ALTER TABLE `{userprefix}_subscribeusers`
  ADD UNIQUE KEY `id` (`id`);
ALTER TABLE `{userprefix}_subscribeusers`
  MODIFY `id` int(11) NOT NULL AUTO_INCREMENT;
COMMIT;
INSERT INTO `{prefix}_admin_sections` (`name`, `title`, `descr`, `icon`, `allow_groups`) VALUES ('subscribeusers', 'Newsletter', 'Newsletter Plugin', 'engine/skins/images/ticcix.png', '1');]]></mysqlenable>
	<mysqldisable><![CDATA[DELETE FROM `{prefix}_admin_sections` WHERE name = 'subscribeusers';
DROP TABLE IF EXISTS {prefix}_subscribeusers;]]></mysqldisable>
	<mysqldelete><![CDATA[DELETE FROM `{prefix}_admin_sections` WHERE name = 'subscribeusers';
DROP TABLE IF EXISTS {prefix}_subscribeusers;]]></mysqldelete>
	<phpinstall><![CDATA[]]></phpinstall>
	<phpupgrade><![CDATA[]]></phpupgrade>
	<phpenable><![CDATA[]]></phpenable>
	<phpdisable><![CDATA[]]></phpdisable>
	<phpdelete><![CDATA[]]></phpdelete>
	<notice><![CDATA[<div style="color: rgb(255, 255, 255); background-color: rgb(0, 150, 136); padding: 0.625rem;"><span style="color: rgb(251, 238, 184);">All bugs have been fixed</span></div>]]></notice>
	<file name="language/English/website.lng">
		<operation action="before">
			<searchcode><![CDATA['wysiwyg_language'	=>  "en",]]></searchcode>
			<replacecode><![CDATA['subscribe_tpl_error' => 'The template file is missing',
'subscribe_active_error' => 'The mod is not active',
'error' => 'Error!',
'subscribe_maild' => 'Mail is required',
'subscribe_mailv' => 'Mail is not valid please enter a valid email address',
'subscribe_mailw' => 'Something is wrong!',
'subscribe_mails' => 'Thank you for subscribing!',
'success' => 'Success',
'subscribe_mailals' => 'This email is already subscribed',]]></replacecode>
			<enabled>1</enabled>
			<dleversion>17</dleversion>
			<versioncompare>less</versioncompare>
		</operation>
		<operation action="after">
			<searchcode><![CDATA['language_code'		    =>  "en",]]></searchcode>
			<replacecode><![CDATA['subscribe_tpl_error' => 'The template file is missing',
'subscribe_active_error' => 'The mod is not active',
'error' => 'Error!',
'subscribe_maild' => 'Mail is required',
'subscribe_mailv' => 'Mail is not valid please enter a valid email address',
'subscribe_mailw' => 'Something is wrong!',
'subscribe_mails' => 'Thank you for subscribing!',
'success' => 'Success',
'subscribe_mailals' => 'This email is already subscribed',]]></replacecode>
			<enabled>1</enabled>
			<dleversion>17</dleversion>
			<versioncompare>greater</versioncompare>
		</operation>
	</file>
	<file name="language/English/adminpanel.lng">
		<operation action="before">
			<searchcode><![CDATA['wysiwyg_language'	=>  "en",]]></searchcode>
			<replacecode><![CDATA['header_subscribeusers' => 'Subscribers',
'opt_subscribeusersconf' => 'Configure and The mass sending of messages to subscrribed users',
'conf_subscribeusers' => 'Change Settings',
'panel_subscribeusers' => 'Configurations Module',
'panel_subscribeuserssendmail' => 'Preparing to send a message ',
'subsc_onoff' => 'Turn on Module',
'subsc_onoffdesc' => 'If you sate On, the module will be active',
'empty' => 'All fields is required',
'allow_wysiwyg' => 'The editor',
'allow_wysiwyg_help' => 'Select the editor to be used',
'subsc_amail' => 'E-mail address of the administrator',
'subsc_amaild' => 'Enter your e-mail address , to be send Newslater',
'masgd' => 'Message',
'subject' => 'Subject',]]></replacecode>
			<enabled>1</enabled>
			<dleversion>17</dleversion>
			<versioncompare>less</versioncompare>
		</operation>
		<operation action="after">
			<searchcode><![CDATA['language_code'		    =>  "en",]]></searchcode>
			<replacecode><![CDATA['header_subscribeusers' => 'Subscribers',
'opt_subscribeusersconf' => 'Configure and The mass sending of messages to subscrribed users',
'conf_subscribeusers' => 'Change Settings',
'panel_subscribeusers' => 'Configurations Module',
'panel_subscribeuserssendmail' => 'Preparing to send a message ',
'subsc_onoff' => 'Turn on Module',
'subsc_onoffdesc' => 'If you sate On, the module will be active',
'empty' => 'All fields is required',
'allow_wysiwyg' => 'The editor',
'allow_wysiwyg_help' => 'Select the editor to be used',
'subsc_amail' => 'E-mail address of the administrator',
'subsc_amaild' => 'Enter your e-mail address , to be send Newslater',
'masgd' => 'Message',
'subject' => 'Subject',]]></replacecode>
			<enabled>1</enabled>
			<dleversion>17</dleversion>
			<versioncompare>greater</versioncompare>
		</operation>
	</file>
	<file name="engine/engine.php">
		<operation action="before">
			<searchcode><![CDATA[case "pm" :
		include (DLEPlugins::Check(ENGINE_DIR . '/modules/pm.php'));
		break;]]></searchcode>
			<replacecode><![CDATA[case "unsubscribe" :
$_GET['user_id'] = intval ($_GET['user_id']);



		if ($_GET['user_id'] AND $_GET['hash']) {



			$row = $db->super_query( "SELECT * FROM " . USERPREFIX . "_subscribeusers WHERE id ='{$_GET['user_id']}'" );

			

			if ($row['id']) {

				$user_id = $row['id'];
 
				$unsubscribe_hash = md5( SECURE_AUTH_KEY . $_SERVER['HTTP_HOST'] . $user_id  . $config['key'] );

	

				if ($unsubscribe_hash == $_GET['hash']) {

	

					$db->query( "UPDATE " . USERPREFIX . "_subscribeusers SET active='0' WHERE id = '{$_GET['user_id']}'" );

					

					msgbox( $lang['all_info'],  $lang['n_unsubscribe_ok']);

	

				} else {

					

					msgbox( $lang['all_info'],  $lang['n_unsubscribe_err']);

					

				}

				

			} else {

				msgbox( $lang['all_info'],  $lang['n_unsubscribe_err']);

			}



		} else {

			msgbox( $lang['all_info'],  $lang['n_unsubscribe_err']);

		}

break;]]></replacecode>
			<enabled>1</enabled>
		</operation>
	</file>
	<file name="language/Georgian/website.lng">
		<operation action="before">
			<searchcode><![CDATA['wysiwyg_language'	=>  "ge",]]></searchcode>
			<replacecode><![CDATA['subscribe_tpl_error' => 'შაბლონის ფაილი ვერ მოიძებნა',
'subscribe_active_error' => 'მოდი არ არის აქტიური',
'error' => 'შეცდომა!',
'subscribe_maild' => 'ელ-ფოსტა აუცილებელია',
'subscribe_mailv' => 'ელ-ფოსტა არასწორია, გთხოვთ, შეიყვანოთ სწორი ელ-ფოსტის მისამართი',
'subscribe_mailw' => 'დაფიქსირდა გაურკვეველი შეცდომა!',
'subscribe_mails' => 'გმადლობთ გამოწერისთვის!',
'success' => 'წარმატება',
'subscribe_mailals' => 'ეს ელ-ფოსტა უკვე რეგისტრირებულია',]]></replacecode>
			<enabled>0</enabled>
		</operation>
	</file>
	<file name="language/Georgian/adminpanel.lng">
		<operation action="before">
			<searchcode><![CDATA['wysiwyg_language'	=>  "ge",]]></searchcode>
			<replacecode><![CDATA['header_subscribeusers' => 'გამომწერები',
'opt_subscribeusersconf' => 'მოდის კონფიგურაცია და მასობრივი შეტყობინების გაგზავნა გამოწერილი მომხმარებლებისთვის',
'conf_subscribeusers' => 'პარამეტრების შეცვლა',
'panel_subscribeusers' => 'კონფიგურაციის მოდული',
'subsc_onoff' => 'მოდულის ჩართვა',
'subsc_onoffdesc' => 'თუ ჩართულია, მოდული აქტიური იქნება',
'empty' => 'ყველა ველი სავალდებულოა',
'allow_wysiwyg' => 'რედაქტორი',
'allow_wysiwyg_help' => 'აირჩიეთ გამოსაყენებელი რედაქტორი',
'subsc_amail' => 'ადმინისტრატორის ელ-ფოსტის მისამართი',
'subsc_amaild' => 'შეიყვანეთ თქვენი ელ-ფოსტის მისამართი, რათა გაიგზავნოთ შეტყობინებები',
'masgd' => 'შეტყობინება',
'subject' => 'თემა',]]></replacecode>
			<enabled>0</enabled>
		</operation>
	</file>
	<file name="engine/inc/subscribeusers.php">
		<operation action="replace">
			<searchcode><![CDATA[{$entries}]]></searchcode>
			<replacecode><![CDATA[<tr>
  <td>
  {$entries}
</td>
  </tr>]]></replacecode>
			<enabled>0</enabled>
		</operation>
	</file>
</dleplugin>